start,fee,py,py_dd,go,go_dd
2023-08-02,0.003,-3.9390627137479095,5.480408531135406,-6.61111354567786,8.06972509249259
2023-08-02,0.004,-4.13833023437562,5.592956034856222,-7.029178701593375,8.27750021026815
2023-08-30,0.003,-1.187670277878472,2.2722515234824603,-1.5254795217974126,4.04049411918723
2023-08-30,0.004,-1.3746021899532335,2.3808045683090695,-1.898342493128935,4.13982873253929
2023-09-27,0.003,2.476203180924097,2.4084720397101744,4.240821802081651,4.85013399403179
2023-09-27,0.004,2.3804853606109067,2.425221167255398,3.961977505362335,4.92952107032665
2023-10-25,0.003,2.2909270402311055,3.366748546091547,3.157240265142347,4.93869553574588
2023-10-25,0.004,2.1401280679096635,3.4197068791727347,2.88233693836355,5.07115759024444
2023-11-22,0.003,3.0233552301967004,4.117083114605169,3.5257228552960207,7.4065253173176
2023-11-22,0.004,2.7228388068835763,4.175450747343234,3.0065857173947164,7.6331192475945
2023-12-20,0.003,-0.33420195859066304,5.559078572408782,2.3158184135540827,7.21602521721413
2023-12-20,0.004,-0.5604437189172695,5.601657105566938,1.95367317884112,7.33031933016973
2024-01-17,0.003,0.1418052899087252,3.9457711975111387,0.39142119519024465,4.85618708855233
2024-01-17,0.004,-0.06719183862553546,4.057070191735712,0.08041755090766323,4.96066585132748
2024-02-14,0.003,11.030202011923596,2.262156258570547,4.871884340885968,6.69898684110601
2024-02-14,0.004,10.747169834901783,2.2869684375698918,4.375279277848643,6.79979389735732
2024-03-13,0.003,-2.6880106274960958,5.470040339447713,-8.715359339683893,11.74854420258159
2024-03-13,0.004,-2.8940807684084247,5.570491405920308,-9.137691847185248,12.01405028852784
2024-04-10,0.003,-1.7764468452001747,5.230432989777323,-4.112950668219828,8.64017552956773
2024-04-10,0.004,-1.9696806119353871,5.277044135115549,-4.467230818037226,8.74663321694099
2024-05-08,0.003,-0.1252071223621254,2.551469388457328,-2.1523008105076125,6.91802383708236
2024-05-08,0.004,-0.28343397852347296,2.6247083928481407,-2.601099061234513,7.23425233896838
2024-06-05,0.003,-0.11398416358043839,2.341359195672932,-5.9935114660361055,8.7869650256348
2024-06-05,0.004,-0.20406405584971754,2.3685292798999225,-6.260002994702041,8.92469401312176
2024-07-03,0.003,1.3682807927299478,4.977614873501146,4.208280067207193,7.21234506046005
2024-07-03,0.004,1.2272289044783724,5.043585087096069,3.824315070080897,7.30158047754527
2024-07-31,0.003,1.0636922672282,4.048306521388978,10.438478377952865,8.42686264893404
2024-07-31,0.004,0.8646236093831305,4.12950250914964,10.003021545295553,8.5586100010155
2024-08-28,0.003,0.032623705225209854,4.040970617280049,5.625959072352704,6.62864222837878
2024-08-28,0.004,-0.1033823824664104,4.0666832244991795,5.260841688675111,6.73426499018503
2024-09-25,0.003,-0.07374394136190343,1.8446429238677453,-1.5949736827008842,6.53921470343026
2024-09-25,0.004,-0.2665222366297071,1.8665052028679519,-1.928058989554704,6.65825028906286
2024-10-23,0.003,7.308014894278014,2.8933935168835023,11.436168972585348,4.6610821430127
2024-10-23,0.004,7.138446183288805,2.9329386335186336,11.08290914369061,4.72402830439743
2024-11-20,0.003,4.438865249886037,3.5897484270517754,9.54935849435703,13.33742856447814
2024-11-20,0.004,4.188729659965573,3.662445133723702,8.78156733921096,13.5935491216393
2024-12-18,0.003,-3.6629286320768673,5.902676135381912,-10.868703039720529,13.29277828248341
2024-12-18,0.004,-3.938048406055328,6.119484755134053,-11.365665962799355,13.66479861519718
2025-01-15,0.003,-4.570667056394573,9.91064236412128,-7.034992120514172,16.09041588529982
2025-01-15,0.004,-4.828735088823777,10.063885695287112,-7.525278887009968,16.41868084282749
2025-02-12,0.003,-4.341163887815713,7.019855222859617,-10.198945885067479,14.46223074801425
2025-02-12,0.004,-4.658384179642239,7.253882277556878,-10.630658255532943,14.77161713876886
2025-03-12,0.003,0.1935201015444976,4.113864623560914,1.2369404404805273,6.51860018262432
2025-03-12,0.004,0.027194997395585396,4.147046316831338,0.8782646217345924,6.62271534668265
2025-04-09,0.003,3.0464253714716394,1.9344885914506116,5.3282297181809435,4.16043905965765
2025-04-09,0.004,2.901236009970498,1.9655141606427784,5.023375459060353,4.20292939275852
2025-05-07,0.003,4.690952441825913,3.3767607677710587,7.420958182559123,3.90361038451513
2025-05-07,0.004,4.526377497286038,3.4093422535046214,7.135509426513154,3.92441364295323
2025-06-04,0.003,-3.9334325430277484,5.7172891383522995,-5.500428791319544,7.37808271627609
2025-06-04,0.004,-4.1372631888401905,5.817713525365598,-5.831979436631352,7.51817625547376
2025-07-02,0.003,14.44278201153011,3.660030883864651,9.88869881480623,4.75919006766012
2025-07-02,0.004,14.294566411222265,3.6778390483183876,9.561064153547694,4.81844819374935
2025-07-30,0.003,2.6636237003674346,3.7123760554622742,-0.19209211230964973,6.37349684174287
2025-07-30,0.004,2.50844918348494,3.7273063814001306,2.378610698901973,5.75940878683506
2025-08-27,0.003,-1.8589311380247997,3.2860864123803846,-1.2731201398054948,4.0767328090878
2025-08-27,0.004,-2.0433145445171275,3.3007178477442833,-1.5583903776352659,4.06832907456226
2025-09-24,0.003,3.058329902082968,5.608997016341977,40.625249180376514,6.98260464565923
2025-09-24,0.004,2.8623910579401723,5.673559889240698,40.167501238116834,7.11861700181305
2025-10-22,0.003,-3.4132631534494196,5.067669478765602,2.3429112558686738,9.47780944618344
2025-10-22,0.004,-3.645105977503449,5.182871138493339,1.759378697566305,9.71326639901052
2025-11-19,0.003,-6.5174512840090015,7.0061980971232956,-8.571840489509352,10.94771312533019
2025-11-19,0.004,-6.747073210441224,7.176902983839373,-8.952049130454364,11.2163889820414
2025-12-17,0.003,2.997530493176903,1.9439683171049271,1.9057802047202088,4.98469660304716
2025-12-17,0.004,2.8601047052933204,1.950603681736629,1.6838286763537935,5.05394793982112
2026-01-14,0.003,-10.171479198763944,10.422165909934122,-8.872803025231846,12.10478773703431
2026-01-14,0.004,-10.434165686197616,10.616828109120336,-9.262610233948443,12.38507133349835
2026-02-11,0.003,-2.121172037943442,5.158038145579402,-1.5339898124043128,7.61598832388497
2026-02-11,0.004,-2.340454815959281,5.258335115622625,-1.8490893435186284,7.74594571118498
2026-03-11,0.003,6.165302865533739,2.9228220051685017,7.1884953978673005,5.89175998870279
2026-03-11,0.004,5.973709365406665,2.985506865763654,6.895140462259475,5.97294061034742
2026-04-08,0.003,3.4384040696839424,2.796873293103541,10.056399425628747,2.54933643725419
2026-04-08,0.004,3.234758686645267,2.847603346292016,9.766376507816732,2.58690153362725
2026-05-06,0.003,2.7567468751668267,3.5350706203721827,2.432747272736302,6.72919266495836
2026-05-06,0.004,2.613196624769265,3.54814407870383,2.1311502828537776,6.83471915064306
2026-06-03,0.003,-5.586095537967772,5.586095537967772,-7.768233239128963,7.47008770841929
2026-06-03,0.004,-5.756922744018434,5.756922744018434,-8.038712139769256,7.64794673075944
2026-07-01,0.003,2.6207981061112218,1.4936628364135007,5.591338247141753,3.06711574577972
2026-07-01,0.004,2.511548949851816,1.505733154234934,5.408609631467787,3.10987032300925
2026-07-29,0.003,7.134194846712272,2.148445315540637,3.35064780408183,4.66118945658596
2026-07-29,0.004,6.96752943747323,2.207028256918797,3.04123377348966,4.69843895395864
2026-08-26,0.003,4.527825123031826,1.834843886932147,22.413700613322817,5.20076550090923
2026-08-26,0.004,4.435269419684973,1.8399005723314987,22.137502583595413,5.23145559514934
2026-09-23,0.003,-1.363929530124941,2.618824025931765,-2.1454862132567754,3.62138095241446
2026-09-23,0.004,-1.4653909667939335,2.64451904664349,-2.3569445095999897,3.70961468329551
